"Symbol","Price","Buy Signal Range","% Change","Micro Trend Rating","Macro Trend Rating","UpdateTime"
"MSFT",528.25,"514.87-527.81",1.08,"Mixed trend","Mixed trend","2026-10-09 08:31:00"
"NVDA",234.0139,"225.51-234.25",1.53,"Uptrend","Mixed trend","2026-10-09 08:31:00"
"GOOGL",350.6656,"342.91-350.51",0.68,"Downtrend","Mixed trend","2026-10-09 08:32:00"
"META",725.6,"706.53-725.23",0.65,"Mixed trend","Mixed trend","2026-10-09 08:31:00"
"QQQ",753.05,"734.13-753.64",0.73,"Mixed trend","Mixed trend","2026-10-09 08:38:00"
"TSLA",380,"372.51-379.57",1.33,"Uptrend","Mixed trend","2026-10-09 08:39:00"
"AAPL",332.15,"321.34-333.6",-2.43,"Mixed trend","Mixed trend","2026-10-09 08:39:00"
"SPY",776.47,"770.35-777.02",0.33,"Mixed trend","Mixed trend","2026-10-09 08:39:00"
"AMZN",255.85,"249.62-255.75",0.7,"Mixed trend","Mixed trend","2026-10-09 08:37:00"
"DIA",512.1,"504.12-512.06",0.09,"Mixed trend","Mixed trend","2026-10-09 08:44:00"
"VIXY",16.3,"15.11-16.34",-1.21,"Mixed trend","Mixed trend","2026-10-09 08:37:00"
