"Symbol","Sector","Industry","Country","MarketCap","Fundamental Strength Index","SP500 Stock","Price","bid","ask","mid_price","macro.open","macro.high","macro.low","Day.Average","Last 5min Average","Last 20min Average","Previous Day Close","% Change","Premarket Gap(%)","Health Rating","Micro Trend Rating","Macro Trend Rating","Macro Entry Rating","Intraday OB/OS","Macro OB/OS","Support","Resistance","Reward to Risk Ratio","Entry Conditions","Price zone","Buy Signal","Trend Strength","Buy Limit","Buy Signal Range","Micro Alert","Macro Alert","Forecast Range","Forecast Rating","Macro Forecast Rating","Macro Forecast Range","Macro Buy Signal Range","Volume Surge","Risk (%)","EPS","volatility_regime","vol_regime","price_rising","lROC_5","lROC_10","lROC_30","lROC_60","lROC_120","entry_ATR","safe_entry_price_mean","entry_signal","entry_reason","entry_score","Macro Buy at or below","buy_score","uptrend_score","ubw_lbw_pct","Last 5day Average","Last 20day Average","FCRSig","FVGSig","lRSI_3","lRSI_14","MacrolfastD","MacrolfastK","lfastD_slope","MacrolfastK_slope","lfastK_3","l5_STD","Macrol50_MA","l120_MA","lupper_band","llower_band","above_ubw","below_lbw","Macro.lupband","Macro.llband","micro.compositescore","macro.compositescore","lATR","MacrolATR","SignalTransition","Macro.SignalTransition","MacroRSI_3","MacroRSI_14","MacroRSIslope","MacroROC_60","MacroROC_30","MacroROC_20","MacroROC_10","MacroROC_5","MacroROC_3","MacroROC_1","MacroMomentum3","MacroMomentum5","MacroMomentum10","MacroMomentum20","Macroubwlbwpct","Macrofirstimpule","Macrol5_MA","Macrol20_MA","Macrovolatility_regime","Macrowas_near_lower","Macrolbb_width_slope","MacroVolumeSurge","UpdateTime","macro_lupper_band","macro_llower_band","Day.Low","Day.High","Goodfellas","News","Earnings","Quality Value Screener","Intrinsic Value Screener","MicroMomentumScore","MicroMomentumGrade","MicroPattern","MacroMomentumScore","MacroMomentumGrade","MacroPattern","EntryQualityScore","EntryQualityGate"
"BONK/USD","Crypto","Crypto","","Crypto","","No",3.6215e-06,NA,NA,NA,3.615e-06,3.62e-06,3.615e-06,0,0,0,0,Inf,"-","-","Uptrend","Mixed trend","Hold","-","Neutral",3.61e-06,3.63e-06,0.78,"Hold","Moderate reward to risk ratio zone"," + Breakout Signal + ","Very Strong",0,"0-0"," + Breakout Signal + ",NA,"0-0","Higher","Higher","0-0","0-0","False",6.84,NA,"low","expanding",TRUE,0.318559556786698,0.179806362378972,0.318559556786698,0.179806362378972,-0.916552667578664,3.6044439186742e-06,-0.000502675888562116,TRUE,"MomentumPullback",9,0,0,8,0.638351502731026,0,0,NA,TRUE,76.2431052387315,57.4456877705558,49.4444444444441,114.999999999999,13.7037037037036,114.999999999999,114.999999999999,4.73814309582475e-09,3.61553e-06,3.62822083333333e-06,3.62732911825593e-06,3.60432088174407e-06,FALSE,FALSE,3.99950071933791e-06,2.24349928066209e-06,9.50319666979906,5.94704738833787,5.57378075384223e-09,3.00918861152503e-07,TRUE,FALSE,53.3471644822035,62.9548200495267,7.105427357601e-15,24.6127366609294,21.0702341137124,19.078947368421,19.078947368421,2.98719772403984,-3.33778371161549,0,-3.33778371161549,2.98719772403984,19.078947368421,19.078947368421,78.2706486162816,FALSE,3.6143e-06,3.615825e-06,"high",FALSE,5.2324780799447,FALSE,"2026-09-26 21:32:00",3.99950071933791e-06,2.24349928066209e-06,0,0,"","","","","",79,"A","TREND_CONFIRMED",86,"A","TREND_CONFIRMED",75,"AVOID"
"XTZ/USD","Crypto","Crypto","","Crypto","","No",0.32517,NA,NA,NA,0.32323,0.32323,0.32307,0.33,0.324,0.324,0.323,0.67,"-","-","Uptrend","Mixed trend","Hold","-","Neutral",0.32189,0.326104,1,"Moderate","Moderate reward to risk ratio zone"," + Breakout Signal + ","Very Strong",0.32,"0.3-0.33"," + Breakout Signal + ",NA,"0.32-0.33","Neutral","Neutral","0.14-0.51","0.16-0.34","False",5.06,NA,"high","normal",TRUE,0.5992581203033,0.132876144959706,-0.0811224395730139,-0.937252948622464,-1.03026890474959,0.32151636365249,0.320261003841975,TRUE,"MomentumPullback",9,0.22,0,8,1.33076197311163,0.326,0.303,NA,TRUE,88.2371401798192,55.5232116670903,60.5158234571316,98.7357013847067,8.84198281245209,57.6894758246913,362.068965517249,0.000775390675708922,0.32515438,0.3274445375,0.326625059400064,0.322335540599936,FALSE,FALSE,0.380235668881578,0.220820531118422,9.12548284066651,5.05146909800392,0.000377443633290133,0.0222619667660285,TRUE,FALSE,33.4530420012185,60.6585614487231,0,57.215504026862,47.0341268270038,29.3508833391722,9.32292001529514,-0.564780474292478,-2.77614770008576,0,-2.77614770008576,-0.564780474292481,9.32292001529513,29.3508833391722,72.1921720574367,FALSE,0.3238058,0.3244803,"high",FALSE,-7.12090054038829,FALSE,"2026-09-26 21:33:00",0.380235668881578,0.220820531118422,0.32,0.32,"","","","","",48,"C","EARLY_REVERSAL",51,"C","NONE",50,"AVOID"
"GRT/USD","Crypto","Crypto","","Crypto","","No",0.02732975,NA,NA,NA,0.02718775,0.02718775,0.0271482,0.03,0.027,0.027,0.027,1.22,"-","-","Uptrend","Mixed trend","Hold","-","Neutral",0.0271453,0.027326,0.24,"Moderate","Low reward High risk zone"," + Breakout Signal: above upper bollinger band limit + ","Very Strong",0.03,"0.02-0.03"," + Breakout Signal: above upper bollinger band limit + ",NA,"0.03-0.03","Neutral","Neutral","0.01-0.05","0-0.02","False",5.55,NA,"medium","normal",TRUE,0.525067127671315,0.626852482556749,0.819883795997419,0.0100633073517008,-0.949918182361825,0.0271192684089376,0.0265272077352463,FALSE,"",10,0.02,0,8,0.850023477583329,0.027,0.023,NA,TRUE,92.0806193357947,66.66550019269,97.4582948611142,202.247807017544,22.8138360967902,152.353158892807,205.605889014723,5.55055335042427e-05,0.027198945,0.0273874183333333,0.0273391125825061,0.0271086824174939,FALSE,FALSE,0.0298600491469894,0.0138334008530106,10,7.40336127457597,2.6208473505042e-05,0.00161729161163673,TRUE,FALSE,64.0419239730693,74.9026744034438,0,81.490729320217,63.7900452488688,40.0005156898641,32.2763516591673,9.06921432818551,-4.13601935062413,0,-4.13601935062413,9.0692143281855,32.2763516591673,40.0005156898641,115.854723392122,FALSE,0.02723169,0.0272238975,"high",FALSE,9.71541078399243,FALSE,"2026-09-26 21:33:00",0.0298600491469894,0.0138334008530106,0.03,0.03,"","","","","",79,"A","TREND_CONFIRMED",70,"A","TREND_CONFIRMED",41,"AVOID"
"LTC/USD","Crypto","Crypto","","Crypto","","No",72.06225,NA,NA,NA,72.047,72.047,72.047,72.38,72.021,71.98,72.047,0.02,"-","-","Uptrend","Mixed trend","Hold","-","Overbought",71.8345,72.155,0.22,"Good","Low reward High risk zone"," + Breakout Signal + ","Very Strong",71.69,"68.43-72.24"," + Breakout Signal + ",NA,"71.34-72.77","Neutral","Neutral","47.88-96.28","38.74-54.55","False",4.27,NA,"low","quiet",FALSE,0.0551910861189381,0.297082205965874,0.220782020346731,0.136526596631659,-0.224715834158867,71.7699470089325,71.4443559503699,TRUE,"MomentumPullback",8,49.13,0,8,0.468664286266635,70.661,62.345,NA,FALSE,80.0154972009119,57.3521524376197,82.699554642002,93.6279547790383,6.23346497235678,20.0205549845891,93.0154466084782,0.032082335484681,71.987295,72.18272,72.1442510550223,71.8077139449777,FALSE,FALSE,76.0832175022229,43.811902497777,8.22523342627077,8.82047732881533,0.0647576551734442,3.42333198396759,FALSE,FALSE,83.7626225227211,81.5506109448723,0,58.294609410188,47.004842894147,32.7463140866194,23.9279485071264,16.4667009372686,-0.707480049365807,0,-0.707480049365805,16.4667009372686,23.9279485071264,32.7463140866194,73.6587848612219,FALSE,72.016,71.9759825,"high",FALSE,10.6376468965693,FALSE,"2026-09-26 21:36:00",76.0832175022229,43.811902497777,72.05,72.05,"","","","","",79,"A","TREND_CONFIRMED",63,"B","TREND_CONFIRMED",50,"AVOID"
"PAXG/USD","Crypto","Crypto","","Crypto","","No",4304.225,NA,NA,NA,4254.559,4279.1295,4254.559,4279.01,4287.541,4281.376,4278.64,0.6,"-","-","Uptrend","Mixed trend","Hold","-","Neutral",4252.41,4306.976,11.46,"Hold","Excellent reward to risk ratio zone"," + Breakout Signal: above upper bollinger band limit + ","Very Strong",4236.05,"2885.27-4277.03"," + Breakout Signal: above upper bollinger band limit + ",NA,"4282.7-4325.75","Neutral","Neutral","3607.94-4949.34","3579.58-4296.4","False",2.15,NA,"high","normal",TRUE,0.595055020561997,0.605718074927004,0.628074326219906,0.594796407850374,0.50588900097136,4225.08224400668,4078.4697185511,TRUE,"MomentumPullback",11,4083.42,2,10,0.529812517503778,4285.72,4327.004,NA,FALSE,97.7354905697178,86.9675831300491,65.895721405968,97.3929551520608,5.76762860616114,47.1702191646918,98.6607142857139,11.191360794165,4278.90952,4280.09143333333,4291.75521054993,4269.13678945007,FALSE,TRUE,4405.67013892466,4238.74982336304,10,3.98897119599102,27.6607407423891,102.002845699669,TRUE,FALSE,26.7213617619513,40.4597268532732,-7.105427357601e-15,4.4036728588614,-4.19203511089714,-1.76150765952756,-2.05004818929578,-0.192551974395451,-0.0528976995398827,0,-0.0528976995398778,-0.19255197439545,-2.05004818929578,-1.76150765952755,3.93796101486303,FALSE,4284.2196,4280.446,"low",TRUE,-0.47424049992957,FALSE,"2026-09-26 21:33:00",4405.67013892466,4238.74982336304,4254.56,4279.13,"","","","","",59,"B","TREND_CONFIRMED",13,"D","NONE",30,"AVOID"
"SKY/USD","Crypto","Crypto","","Crypto","","No",0.0781911666666667,NA,NA,NA,0.0780275,0.0780275,0.0780275,0.08,0.078,0.078,0.078,0.25,"-","-","Uptrend","Mixed trend","Hold","-","Neutral",0.077525,0.0783765,0.22,"Moderate","Low reward High risk zone"," + Breakout Signal + ","Very Strong",0.08,"0.07-0.08"," + Breakout Signal + ",NA,"0.08-0.08","Neutral","Neutral","0.05-0.1","0.03-0.05","False",5.75,NA,"medium","normal",TRUE,0.39716142678515,0.411150064422798,0.137886578683938,0.685001476536811,0.71444058743848,0.0774341890968555,0.0767722889605809,TRUE,"Breakout",8,0.05,0,8,0.851831479747314,0.076,0.07,NA,FALSE,91.187948362988,61.8383963763239,103.391295805088,141.361626878868,23.909091128551,50.3271441202491,208.665384263076,0.000169594848251908,0.0780185003333333,0.0778807205555556,0.0782901143128955,0.0776288473537711,FALSE,FALSE,0.0813471497774518,0.0539521802225482,10,7.90025643272058,9.15912346071804e-05,0.00458255106752888,TRUE,FALSE,91.2246760627868,68.1668350042067,0,35.817748082468,14.0346133835299,15.8394733833841,12.2296560150795,11.5472150186847,1.91613168670528,0,1.91613168670528,11.5472150186847,12.2296560150795,15.8394733833841,50.7763902068494,FALSE,0.0779209133333333,0.0779594808333333,"high",FALSE,8.46705702573713,FALSE,"2026-09-26 21:37:00",0.0813471497774518,0.0539521802225482,0.08,0.08,"","","","","",79,"A","TREND_CONFIRMED",83,"A","TREND_CONFIRMED",65,"AVOID"
"SHIB/USD","Crypto","Crypto","","Crypto","","No",5.88225e-06,NA,NA,NA,5.88e-06,5.88e-06,5.875e-06,0,0,0,0,Inf,"-","-","Uptrend","Mixed trend","Hold","-","Neutral",5.86e-06,5.88e-06,0.61,"Good","Low reward High risk zone"," + Breakout Signal: above upper bollinger band limit + ","Very Strong",0,"0-0"," + Breakout Signal: above upper bollinger band limit + ",NA,"0-0","Higher","Neutral","0-0","0-0","False",4.67,NA,"low","normal",FALSE,0.208688245315172,0.208688245315172,0.12340425531916,-0.131578947368422,-0.469543147208119,5.85313381801284e-06,-0.000312932567701707,TRUE,"MomentumPullback",8,0,0,8,0.340106384950827,0,0,NA,TRUE,98.0032822675729,62.1233660415916,80.0000000000016,115.000000000005,10.0000000000005,40.0000000000048,122.500000000007,5.3747092953536e-09,5.874045e-06,5.89638125e-06,5.87832489640415e-06,5.85840010359585e-06,FALSE,FALSE,6.25607538489734e-06,4.72892461510266e-06,8.66335025662405,5.95573359999595,6.89225238804612e-09,3.10526245123919e-07,FALSE,FALSE,54.4201390492382,59.3390734860567,0,24.8407643312102,14.3968871595331,8.68761552680221,7.69230769230768,4.25531914893616,-1.1764705882353,0,-1.1764705882353,4.25531914893615,7.69230769230769,8.68761552680222,32.2938277535118,FALSE,5.87345e-06,5.8683625e-06,"medium",FALSE,2.67934288376971,FALSE,"2026-09-26 21:41:00",6.25607538489734e-06,4.72892461510266e-06,0,0,"","","","","",50,"C","NONE",83,"A","TREND_CONFIRMED",65,"AVOID"
"TRUMP/USD","Crypto","Crypto","","Crypto","","No",2.110475,NA,NA,NA,2.10605,2.1074,2.10605,2.13,2.103,2.098,2.106,0.21,"-","-","Uptrend","Mixed trend","Hold","-","Neutral",2.092,2.1074,8.26,"Moderate","Excellent reward to risk ratio zone"," + Breakout Signal: above upper bollinger band limit + ","Very Strong",2.09,"1.98-2.12"," + Breakout Signal: above upper bollinger band limit + ",NA,"2.08-2.14","Neutral","Neutral","-0.45-3.76","0.39-2.51","False",5.78,NA,"medium","normal",TRUE,0.714626580768322,0.810843085741579,0.741308244369186,0.62746893051354,0.0225118483412429,2.08979450154957,2.07871455935414,TRUE,"MomentumPullback",9,1.53,0,8,0.822625016555538,2.104,2.092,NA,FALSE,96.6198172941876,73.8991967157161,106.655844155844,119.967532467532,11.5606733769291,19.967532467532,137.916152897655,0.00544392735060334,2.0971559,2.10345020833333,2.105588636878,2.088408863122,TRUE,FALSE,2.23092479082659,1.84963270917341,8.44388007042675,3.73696171499476,0.0022249757849768,0.315417816738503,TRUE,FALSE,51.9370459441631,51.145246530353,0,44.7016796620066,-21.3402793337815,-5.26062492409966,1.03124925054561,7.23158377029985,-0.751075489212128,0,-0.751075489212127,7.23158377029984,1.03124925054561,-5.26062492409967,20.614475498953,FALSE,2.101963,2.09699875,"low",FALSE,-6.98744193574813,FALSE,"2026-09-26 21:42:00",2.23092479082659,1.84963270917341,2.11,2.11,"","","","","",66,"B","TREND_CONFIRMED",37,"D","NONE",25,"AVOID"
"HYPE/USD","Crypto","Crypto","","Crypto","","No",93.155175,NA,NA,NA,92.9917,92.9917,92.9917,92.05,93.172,92.996,92.992,0.18,"-","-","Mixed trend","Mixed trend","Hold","-","Neutral",92.695,93.2988,0.4,"Good","Low reward High risk zone"," + ","Very Strong",92.63,"88.09-92.62"," + ",NA,"92.45-93.86","Neutral","Neutral","73.84-129.22","38.83-71.79","False",5.97,NA,"medium","normal",FALSE,-0.0806872007413925,0.234755802317701,0.913943549828575,1.23911862196381,1.6811384598592,92.6152350609851,92.2117707711616,TRUE,"Breakout",9,73.4,4,3,0.84081528179371,92.854,88.883,NA,FALSE,44.0749024326541,63.2355708076354,82.8737440653639,76.2131500496856,-4.89627532524218,3.80506790327959,53.2318463041363,0.0666549079257649,92.6862905,92.3079985416667,93.3572045483982,92.5787879516018,FALSE,FALSE,101.623897919453,72.9695320805468,6.5088384029418,5.27949319361991,0.0801609240282067,4.19658999688621,FALSE,FALSE,55.4335075024331,61.9570880820967,0,66.5861130020422,11.4580736408093,9.19799245644607,0.460973370064276,-1.10669360065977,0.662156310889802,0,0.662156310889794,-1.10669360065977,0.460973370064277,9.19799245644608,39.2689455748141,FALSE,93.202885,92.96799625,"medium",FALSE,1.42162986085017,FALSE,"2026-09-26 21:24:00",101.623897919453,72.9695320805468,92.99,92.99,"","","","","",47,"C","NONE",51,"C","NONE",85,"PASS"
"ONDO/USD","Crypto","Crypto","","Crypto","","No",0.534526666666667,NA,NA,NA,0.5346065,0.5346065,0.5346065,0.54,0.534,0.534,0.535,-0.09,"-","-","Mixed trend","Mixed trend","Hold","-","Neutral",0.53214,0.5370105,0.33,"Good","Low reward High risk zone"," + Breakout Signal + ","Very Strong",0.53,"0.5-0.54"," + Breakout Signal + ",NA,"0.53-0.54","Neutral","Neutral","0.34-0.73","0.21-0.31","False",6.35,NA,"medium","normal",TRUE,0.277398408148373,0.350159841975945,-0.728634661218921,-0.3039846263793,-0.2916177010079,0.531428545013445,0.527757948445695,TRUE,"MomentumPullback",11,0.3,2,6,1.1327606630917,0.521,0.446,NA,FALSE,87.2078375643161,50.1199663099059,29.1699460470643,49.0024980323737,2.66494808122971,26.2019642062775,114.728682170543,0.000634633428685905,0.536002233333333,0.536145276388889,0.537278865867841,0.531260950798825,FALSE,FALSE,0.57525940283742,0.26337490206258,8.02227064152078,6.91915699853477,0.000714645887259699,0.0334224641511595,TRUE,FALSE,72.6272691940768,70.8465650023125,0,28.3285564773207,51.3070808645286,42.6147860337379,34.1422502804006,29.6386602713018,-2.62176684881604,0,-2.62176684881604,29.6386602713018,34.1422502804006,42.6147860337379,118.418459136525,FALSE,0.533429633333333,0.534269908333333,"high",FALSE,13.7411092109344,FALSE,"2026-09-26 21:29:00",0.57525940283742,0.26337490206258,0.53,0.53,"","","","","",41,"C","EARLY_REVERSAL",70,"A","TREND_CONFIRMED",58,"AVOID"
"BAT/USD","Crypto","Crypto","","Crypto","","No",0.0946775,NA,NA,NA,0.0944782,0.09478965,0.0944782,0.09,0.095,0.095,0.095,-0.34,"-","-","Mixed trend","Mixed trend","Hold","-","Neutral",0.09398485,0.0948316,0.28,"Moderate","Low reward High risk zone"," + Breakout Signal + ","Very Strong",0.09,"0.09-0.09"," + Breakout Signal + ",NA,"0.09-0.1","Neutral","Neutral","0.02-0.17","0.04-0.1","False",6.88,NA,"medium","normal",FALSE,0.145441083139411,0.282276429653327,-0.368314435295049,-0.750055035484792,-0.238346871618278,0.0938364522023474,0.0928215808061134,TRUE,"MomentumPullback",9,0.06,1,6,0.933663518065397,0.093,0.084,NA,TRUE,73.0466490703055,53.433018521287,53.9577300517301,74.0616057902703,-2.25487993125255,32.515015972788,68.1618168914107,0.000113483084641655,0.094726142,0.0950410254166667,0.0948619718691344,0.0939844731308656,FALSE,FALSE,0.0994410905300363,0.0641475044699637,3.84595211133755,7.25191244051143,0.000149491460456198,0.00506418933547128,TRUE,FALSE,78.9195653568695,70.2150592625952,0,44.2775820211722,39.5038389820406,20.9275312398339,19.0572724241162,8.48023538661462,3.12189947780679,0,3.12189947780679,8.48023538661462,19.0572724241163,20.9275312398339,55.0194218024465,FALSE,0.09450769,0.0944232225,"high",FALSE,7.76895260636701,FALSE,"2026-09-26 21:28:00",0.0994410905300363,0.0641475044699637,0.09,0.09,"","","","","",41,"C","EARLY_REVERSAL",70,"A","TREND_CONFIRMED",83,"PASS"
"ADA/USD","Crypto","Crypto","","Crypto","","No",0.251115666666667,NA,NA,NA,0.2508920705,0.2510055705,0.2508920705,0.26,0.251,0.251,0.251,0.05,"-","-","Mixed trend","Mixed trend","Hold","-","Neutral",0.2507580705,0.252271,0.39,"Moderate","Low reward High risk zone"," + Breakout Signal + ","Very Strong",0.25,"0.24-0.25"," + Breakout Signal + ",NA,"0.25-0.25","Neutral","Neutral","0.16-0.34","0.13-0.18","False",5.21,NA,"medium","normal",FALSE,0.0907162170816237,-0.102569814770987,-0.232154681499125,-0.69161241340252,-0.604542114103033,0.250568967347872,0.249384104585489,TRUE,"MeanReversion",9,0.18,1,5,0.761182736993919,0.25,0.233,NA,TRUE,80.1450751938679,42.947726838061,16.963463780463,23.7301192037642,3.52469785912593,8.46729503050311,193.698865248248,0.000121334340412183,0.251805586233333,0.252556816147222,0.252310228285027,0.25040419478164,FALSE,FALSE,0.270487088425796,0.181079125674204,5.74465392035994,6.8127444723891,0.000189372824654475,0.013879176748442,FALSE,FALSE,54.6126623979664,63.1531832015104,0,47.9492801631532,24.3525243993064,14.4184936752137,11.8495859206331,5.27454467672835,-2.97239200603027,0,-2.97239200603027,5.27454467672834,11.8495859206331,14.4184936752137,49.3750797717318,FALSE,0.250943589733333,0.251357211533333,"high",FALSE,4.69317192964176,FALSE,"2026-09-26 21:30:00",0.270487088425796,0.181079125674204,0.25,0.25,"","","","","",16,"D","EARLY_REVERSAL",83,"A","TREND_CONFIRMED",75,"AVOID"
"WIF/USD","Crypto","Crypto","","Crypto","","No",0.2428475,NA,NA,NA,0.24251,0.2428395,0.24251,0.25,0.243,0.243,0.243,-0.06,"-","-","Mixed trend","Mixed trend","Hold","-","Neutral",0.242019,0.24375,0.95,"Good","Moderate reward to risk ratio zone"," + Breakout Signal + ","Very Strong",0.24,"0.23-0.25"," + Breakout Signal + ",NA,"0.24-0.25","Neutral","Neutral","0.15-0.33","0.09-0.16","False",5.92,NA,"medium","normal",TRUE,0.295914195208371,0.164984171831008,-0.00905836261860557,-0.0977024497603726,-0.613473080236468,0.241733699627431,0.23993065671491,TRUE,"MomentumPullback",8,0.16,1,7,0.933271492863504,0.242,0.223,NA,TRUE,76.1351074136727,53.2087069002266,47.3008770912087,86.2122788761697,13.963248907802,65.4439368773258,101.320132013198,0.000331587582680421,0.24290329,0.243663491666667,0.243868882142396,0.241613967857604,FALSE,FALSE,0.268331435442442,0.159841014557558,8.48843569625802,4.85475804659194,0.000286277037039792,0.0206441837980692,TRUE,FALSE,52.1521837288659,61.0870594698373,0,68.0187045375823,20.1263001485884,14.3423552540391,13.0609695268906,3.92056044732952,-4.28372130652611,0,-4.28372130652611,3.92056044732951,13.0609695268906,14.3423552540391,67.8739566219514,FALSE,0.2424113,0.242741425,"high",FALSE,4.69419396055312,FALSE,"2026-09-26 21:31:00",0.268331435442442,0.159841014557558,0.24,0.24,"","","","","",41,"C","EARLY_REVERSAL",83,"A","TREND_CONFIRMED",75,"AVOID"
"AAVE/USD","Crypto","Crypto","","Crypto","","No",154.820375,NA,NA,NA,154.85,154.85,154.85,154.74,154.883,155.099,154.85,-0.02,"-","-","Mixed trend","Mixed trend","Hold","-","Neutral",154.6275,156.45,0.14,"Good","Low reward High risk zone"," + ","Very Strong",154.38,"143.27-154.43"," + ",NA,"153.06-156.58","Neutral","Neutral","-999.51-1295.49","68.57-112.47","False",6.55,NA,"high","normal",FALSE,-0.117498104869267,-0.148097387939374,-0.137792355225292,-0.0485004406196343,-0.270307266168511,154.404493845994,153.397223980912,TRUE,"MeanReversion",6,110.82,6,1,1.31279281797069,152.453,140.624,NA,TRUE,39.7602951659723,43.5746877819399,14.3451588221925,15.8418891170443,0.805453603739524,7.22168997052945,22.1256684492052,0.161604658403318,155.0374975,155.097782291667,156.35356936531,154.327568134689,FALSE,FALSE,162.290200292511,111.340999707489,3.26613415003355,6.54309046923274,0.223284321291313,8.52627551246914,FALSE,FALSE,74.6573156287867,66.4993264987383,0,55.7351988703792,22.1783006288415,20.1785021342647,11.0505518463006,11.4349453080023,0.833496125545355,0,0.833496125545352,11.4349453080023,11.0505518463006,20.1785021342646,45.7596040262558,FALSE,154.874275,155.34056875,"medium",FALSE,6.96061928612668,FALSE,"2026-09-26 21:31:00",162.290200292511,111.340999707489,154.85,154.85,"","","","","",9,"D","NONE",83,"A","TREND_CONFIRMED",90,"PASS"
"FIL/USD","Crypto","Crypto","","Crypto","","No",1.1285,NA,NA,NA,1.12775,1.129,1.12775,1.14,1.126,1.126,1.127,0.13,"-","-","Mixed trend","Mixed trend","Hold","-","Neutral",1.124055,1.13105,0.34,"Moderate","Low reward High risk zone"," + Breakout Signal + ","Very Strong",1.12,"1.06-1.14"," + Breakout Signal + ",NA,"1.09-1.17","Neutral","Neutral","0.69-1.57","0.48-0.72","False",5.9,NA,"low","quiet",TRUE,0.268775405939719,0.162870063417256,0.13976085365043,-0.559545314358713,-0.330758802202694,1.12288541270799,1.11677859523269,TRUE,"MomentumPullback",11,0.74,0,7,0.626598438354166,1.09,0.965,NA,TRUE,90.0112970448805,57.7797647525654,36.1204380804137,74.7687132043756,10.0939021218798,54.8973765353265,171.290944123322,0.00170728366109941,1.1271684,1.13040258333333,1.13045414995332,1.12341485004668,FALSE,FALSE,1.17407822668907,0.703676073310935,7.28540751809759,7.39572899016787,0.00117421234639992,0.0853162085702645,TRUE,FALSE,79.3271686994783,68.0069975829443,0.0984942630724674,58.3610079476955,65.3313623034678,33.5959535570637,19.6102643461302,20.554230575089,7.42265587815325,0.161984644743262,7.42265587815325,20.554230575089,19.6102643461302,33.5959535570637,66.8492465808587,FALSE,1.125576,1.1269345,"high",FALSE,10.3701457341677,FALSE,"2026-09-26 21:31:00",1.17407822668907,0.703676073310935,1.13,1.13,"","","","","",50,"C","NONE",90,"A","TREND_CONFIRMED",65,"AVOID"
"SOL/USD","Crypto","Crypto","","Crypto","","No",120.88775,NA,NA,NA,120.859,120.859,120.859,120.93,120.853,120.873,120.859,0.02,"-","-","Mixed trend","Mixed trend","Hold","-","Neutral",120.701,121.078,0.18,"Good","Low reward High risk zone"," + Breakout Signal + ","Very Strong",120.56,"117.18-120.77"," + Breakout Signal + ",NA,"119.95-121.82","Neutral","Neutral","82.01-183.2","64.67-91.93","False",5.32,NA,"low","normal",FALSE,0.0548329560550039,-0.0390705751023321,-0.15053274964896,-0.290539425932034,-0.298762886597941,120.630661728399,120.311066938682,FALSE,"",8,92.98,2,6,0.301710600391556,119.959,112.064,NA,TRUE,74.147645809161,50.0119203843047,31.1078046372155,42.60935143288,0.319165058853326,17.4208144796373,87.4999999999909,0.0394787918327184,120.912965,121.219702083333,121.051200348763,120.687074651237,FALSE,FALSE,128.112726137241,91.1519438627592,5.72430465557854,7.44828080471317,0.0704470997980849,4.83835877927401,FALSE,FALSE,67.0688122470078,67.1390735731371,1.4210854715202e-14,62.3235861372415,14.3951046137974,16.9301470588235,7.27288865219899,5.12220579281551,-1.07309486780716,0,-1.07309486780716,5.1222057928155,7.272888652199,16.9301470588235,40.5485398425849,FALSE,120.83405,120.8691375,"high",FALSE,4.15482665409304,FALSE,"2026-09-26 21:32:00",128.112726137241,91.1519438627592,120.86,120.86,"","","","","",34,"D","EARLY_REVERSAL",86,"A","TREND_CONFIRMED",65,"AVOID"
"BCH/USD","Crypto","Crypto","","Crypto","","No",333.885,NA,NA,NA,333.745,333.745,333.745,336.02,333.681,333.792,333.89,0,"-","-","Mixed trend","Mixed trend","Hold","-","Neutral",333.3,334.868,0.42,"Moderate","Low reward High risk zone"," + Breakout Signal + ","Very Strong",332.64,"318.46-335.79"," + Breakout Signal + ",NA,"330.91-336.83","Higher","Neutral","154.21-513.28","154.2-410.19","False",5.62,NA,"medium","normal",FALSE,0.175517551755169,-0.0247030025376666,-0.243501643262623,-0.481371087928468,-0.746146643083277,333.005029901008,331.551870883767,FALSE,"",8,214.53,2,6,0.528618372618243,331.153,290.751,NA,TRUE,84.9997422763677,50.1149589292223,29.987268783918,43.8202247191003,7.9407675991747,19.5855308415493,97.9716024340787,0.185437860241047,334.14254,334.777770833333,334.72595930423,332.96584069577,FALSE,FALSE,375.450963287121,168.934986712879,6.66104099454288,6.4264348806081,0.29548782328783,20.0854459838204,FALSE,FALSE,62.2457788161111,71.925265476452,-0.0803206210029117,53.9069903642405,35.0101132686084,29.3084075939558,30.6933213243788,-1.06935623717032,-2.79842785933447,-0.0434274761148827,-2.79842785933447,-1.06935623717033,30.6933213243788,29.3084075939558,122.245829944767,FALSE,333.6197,333.8459,"high",FALSE,8.29737531815269,FALSE,"2026-09-26 21:32:00",375.450963287121,168.934986712879,333.74,333.74,"","","","","",34,"D","EARLY_REVERSAL",38,"D","NONE",58,"AVOID"
"SUSHI/USD","Crypto","Crypto","","Crypto","","No",0.26985,NA,NA,NA,0.269781,0.269781,0.2691155,0.27,0.27,0.27,0.269,0.32,"-","-","Mixed trend","Mixed trend","Hold","-","Neutral",0.26871,0.2714645,0.29,"Good","Low reward High risk zone"," + Breakout Signal + ","Very Strong",0.27,"0.24-0.27"," + Breakout Signal + ",NA,"0.27-0.27","Neutral","Neutral","0.12-0.47","0.13-0.19","False",6.12,NA,"medium","expanding",FALSE,-0.212628270315242,0.317476839804317,0.234753991189304,1.23956090130785,0.364488414475411,0.268190735186236,0.26500043499192,TRUE,"MomentumPullback",7,0.18,5,3,0.955220103551765,0.266,0.246,NA,TRUE,42.4875253860898,52.1388536844263,48.26481216336,46.6353037430977,-4.27167101505131,12.292902434037,53.0133525802985,0.000352742753247126,0.26897765,0.268444633333333,0.271193491980138,0.268627508019862,FALSE,FALSE,0.28593271116521,0.19520208883479,5.42341913769573,7.11009464241583,0.000521467790533157,0.0174106445750235,TRUE,FALSE,73.999519714283,65.9091198542965,0,75.4338331160365,41.5317257882143,12.8544320385805,8.20888620828307,9.40321564323028,0.566330343796713,0,0.566330343796717,9.40321564323028,8.20888620828308,12.8544320385805,46.4803542175253,FALSE,0.2700483,0.2699105,"high",FALSE,4.92881055308955,FALSE,"2026-09-26 21:33:00",0.28593271116521,0.19520208883479,0.27,0.27,"","","","","",40,"C","NONE",83,"A","TREND_CONFIRMED",90,"PASS"
"LDO/USD","Crypto","Crypto","","Crypto","","No",0.482953333333333,NA,NA,NA,0.48304,0.48304,0.48304,0.49,0.483,0.481,0.483,-0.01,"-","-","Mixed trend","Mixed trend","Hold","-","Neutral",0.4776145,0.48349,0.26,"Good","Low reward High risk zone"," + ","Very Strong",0.48,"0.44-0.49"," + ",NA,"0.48-0.49","Neutral","Neutral","0.31-0.65","0.2-0.3","False",6.6,NA,"high","normal",FALSE,0.149686060187558,1.1178122383917,0.762222685861327,1.44480036408829,0.905907814347234,0.476896799631124,0.473259547384905,TRUE,"Breakout",6,0.3,2,6,1.63101281460373,0.47,0.422,NA,FALSE,63.8045973666612,66.4833698676874,93.3896878752641,90.8660255864755,0.243446121211363,-5.90020707457515,-19.2592592592642,0.000611313487802353,0.479153406666667,0.478577315277778,0.484033946306669,0.476265987026665,FALSE,FALSE,0.504106608215954,0.306426741784046,7.62194888470489,8.45088755640447,0.000725722911433847,0.0347724823914913,FALSE,FALSE,71.7796267458967,66.3047804272203,0,30.9140185649434,34.9809142173711,25.219374991899,23.421271159374,25.4888920352327,-1.77621879924762,0,-1.77621879924762,25.4888920352327,23.421271159374,25.219374991899,64.5112973107359,FALSE,0.482891666666667,0.480149966666667,"high",FALSE,10.6928587747304,FALSE,"2026-09-26 21:33:00",0.504106608215954,0.306426741784046,0.48,0.48,"","","","","",79,"A","TREND_CONFIRMED",83,"A","TREND_CONFIRMED",63,"WATCH"
"DOT/USD","Crypto","Crypto","","Crypto","","No",1.2338075,NA,NA,NA,1.234955,1.235845,1.234955,1.25,1.234,1.235,1.235,-0.1,"-","-","Mixed trend","Mixed trend","Hold","-","Neutral",1.229635,1.2455,0.31,"Moderate","Low reward High risk zone"," + ","Very Strong",1.23,"1.15-1.24"," + ",NA,"1.21-1.26","Neutral","Neutral","0.11-1.91","0.66-1.06","False",6,NA,"medium","normal",FALSE,0.10608519269777,0.0886255136020849,-0.338651050080779,-0.295161055710896,-0.683611044031234,1.22802883396192,1.22117760857428,FALSE,"",6,0.91,3,-1,1.13469000472151,1.217,1.125,NA,TRUE,39.6913371193946,45.197962164649,70.1646634690647,51.7358958462482,13.3172716076702,-27.1853688778679,-23.5714285714315,0.00153729632769077,1.23666855,1.23771152083333,1.24223757465879,1.22830017534121,FALSE,FALSE,1.29797671731871,0.934263332681291,3.53076612385197,6.37621663965713,0.00161161621458712,0.0761961153569113,FALSE,FALSE,69.812974243352,63.934429249156,0,60.7599846920047,46.0106865635291,-0.825915352710414,8.89692266995856,12.0852392361868,1.81368507831822,0,1.81368507831823,12.0852392361868,8.89692266995856,-0.825915352710416,38.9304997760725,FALSE,1.2345885,1.235268875,"medium",FALSE,0.986876568512159,FALSE,"2026-09-26 21:34:00",1.29797671731871,0.934263332681291,1.23,1.24,"","","","","",31,"D","EARLY_REVERSAL",54,"C","NONE",85,"PASS"
"POL/USD","Crypto","Crypto","","Crypto","","No",0.119886,NA,NA,NA,0.1199665,0.1199665,0.11985,0.12,0.12,0.12,0.12,-0.1,"-","-","Mixed trend","Mixed trend","Hold","-","Neutral",0.11985,0.12065,0.4,"Good","Low reward High risk zone"," + ","Very Strong",0.12,"0.11-0.12"," + ",NA,"0.12-0.12","Neutral","Neutral","0.09-0.15","0.06-0.09","False",4.4,NA,"medium","normal",FALSE,-0.0950000000000025,-0.165715951201236,0.533333333333331,-0.219725343320861,0.124021296586279,0.119688365421812,0.118332917386786,FALSE,"",5,0.08,6,1,0.624281871212807,0.117,0.107,NA,TRUE,35.8687570134696,47.5446889803703,9.67610062893075,4.49999999999932,-0.786574955180701,-20.0283018867935,17.9999999999967,9.45439051435639e-05,0.11971058,0.119969079166667,0.120512058691554,0.119764391308447,FALSE,FALSE,0.123508739863045,0.0858068051369547,2.79129079585192,7.17850397344397,0.000161683129250602,0.00684244088777163,FALSE,FALSE,76.9544870934566,65.786785129416,-1.4210854715202e-14,67.3727230641288,11.9042394760062,25.4481224650007,11.8160190325139,18.341150333251,3.0258746668959,0,3.0258746668959,18.341150333251,11.8160190325139,25.4481224650007,43.9381639555454,FALSE,0.1199609,0.120138225,"high",FALSE,8.236849953297,FALSE,"2026-09-26 21:35:00",0.123508739863045,0.0858068051369547,0.12,0.12,"","","","","",22,"D","NONE",83,"A","TREND_CONFIRMED",85,"PASS"
"LINK/USD","Crypto","Crypto","","Crypto","","No",14.053625,NA,NA,NA,14.055,14.055,14.055,14.21,14.053,14.063,14.055,-0.01,"-","-","Mixed trend","Mixed trend","Hold","-","Neutral",14.0415,14.115,0.24,"Good","Low reward High risk zone"," + Breakout Signal + ","Very Strong",14.01,"13.39-14.17"," + Breakout Signal + ",NA,"13.89-14.22","Neutral","Neutral","9.01-21.4","7.37-10.12","False",5.53,NA,"medium","normal",FALSE,-0.00302403933385677,-0.0801640964386486,-0.168533140115142,-0.139448954576943,-0.0993417498365058,14.0286215742482,13.9646165269955,FALSE,"",6,10.39,5,2,0.579151618405051,13.801,12.731,NA,TRUE,53.2925437244063,43.832433451935,7.6839826839823,11.4357864357867,-2.2246272246273,11.0028860028873,45.9337349397633,0.00461554437558493,14.0860145,14.1027689583333,14.1079040885566,14.0266684114434,FALSE,FALSE,14.5620382231639,10.1828217768361,4.1186771112154,7.92707297191983,0.0128895464235337,0.65553226396179,FALSE,FALSE,76.7018611714548,67.3360640355246,0,66.4278694154006,22.6429088751407,12.2693505871076,14.9552202183781,13.7918471440716,0.9227013248124,0,0.922701324812403,13.7918471440716,14.9552202183781,12.2693505871076,43.0059225458467,FALSE,14.053195,14.06728625,"high",FALSE,7.03094770903099,FALSE,"2026-09-26 21:35:00",14.5620382231639,10.1828217768361,14.05,14.05,"","","","","",9,"D","NONE",83,"A","TREND_CONFIRMED",90,"PASS"
"ARB/USD","Crypto","Crypto","","Crypto","","No",0.22595775,NA,NA,NA,0.2257,0.2262825,0.2257,0.22,0.226,0.226,0.226,-0.02,"-","-","Mixed trend","Mixed trend","Hold","-","Neutral",0.224735,0.227668,0.35,"Good","Low reward High risk zone"," + Breakout Signal + ","Very Strong",0.22,"0.2-0.22"," + Breakout Signal + ",NA,"0.22-0.23","Neutral","Neutral","0.15-0.3","0.07-0.12","False",5.82,NA,"high","expanding",FALSE,0.220548610510478,-0.0516422683672978,-0.520493968477601,1.09966442953019,1.95729176067141,0.224244527790594,0.221436034558165,TRUE,"MomentumPullback",4,0.12,2,4,1.44163318842457,0.224,0.195,NA,TRUE,53.4006185658858,49.7061306709976,58.8145394465096,60.6071871127629,3.24443575864163,2.86245353159827,29.1242937853078,0.000263658254196728,0.225917005,0.223742385416667,0.227782623734678,0.224545501265322,FALSE,FALSE,0.267195238481084,0.110053261518916,5.61294037042994,5.4471224512381,0.000493140796382021,0.0191295980834059,FALSE,FALSE,63.5334450656403,67.5750639028525,0,192.273546686309,157.820368209775,37.1068743937924,2.27988061321395,4.69327531737123,-0.189319970609073,0,-0.18931997060907,4.69327531737123,2.27988061321396,37.1068743937924,142.787205752334,FALSE,0.22610165,0.2261640625,"high",FALSE,2.89595750038761,FALSE,"2026-09-26 21:35:00",0.267195238481084,0.110053261518916,0.23,0.23,"","","","","",25,"D","NONE",83,"A","TREND_CONFIRMED",90,"PASS"
"PEPE/USD","Crypto","Crypto","","Crypto","","No",4.3245e-06,NA,NA,NA,4.32e-06,4.32e-06,4.32e-06,0,0,0,0,Inf,"-","-","Mixed trend","Mixed trend","Hold","-","Neutral",4.31e-06,4.35e-06,1.18,"Good","Moderate reward to risk ratio zone"," + ","Very Strong",0,"0-0"," + ",NA,"0-0","Higher","Neutral","0-0","0-0","False",6.89,NA,"medium","normal",FALSE,0.104166666666679,-0.138552130238993,-0.35714285714284,-0.814220183486217,-1.04118993135009,4.30358492335131e-06,-0.000426973968891835,FALSE,"",8,0,1,5,0.814067064590854,0,0,NA,TRUE,60.2333729525297,45.0598205412482,32.9166666666672,36.2500000000015,4.02777777777794,11.2500000000015,45.0000000000059,4.06816912313912e-09,4.33465e-06,4.34360833333333e-06,4.34795472645933e-06,4.31284527354067e-06,FALSE,FALSE,5.01396010211144e-06,2.83903989788856e-06,5.74189772629609,4.1112612867774,6.43665869309779e-09,3.5593365641969e-07,TRUE,FALSE,40.075857087256,58.3754827237066,0,56.5217391304348,18.1942544459644,18.1942544459644,13.3858267716535,-0.230946882217088,-3.78619153674833,0,-3.78619153674833,-0.230946882217087,13.3858267716535,18.1942544459644,76.607595611474,FALSE,4.3209e-06,4.3304e-06,"high",FALSE,0.93500861346228,FALSE,"2026-09-26 21:36:00",5.01396010211144e-06,2.83903989788856e-06,0,0,"","","","","",24,"D","EARLY_REVERSAL",51,"C","NONE",95,"PASS"
"XRP/USD","Crypto","Crypto","","Crypto","","No",1.517315,NA,NA,NA,1.517,1.517,1.514,1.54,1.517,1.517,1.517,0.02,"-","-","Mixed trend","Mixed trend","Hold","-","Neutral",1.51311,1.5225,0.89,"Good","Moderate reward to risk ratio zone"," + Breakout Signal + ","Very Strong",1.51,"1.42-1.54"," + Breakout Signal + ",NA,"1.51-1.53","Neutral","Neutral","0.82-2.22","0.91-1.33","False",4.53,NA,"low","normal",FALSE,0.080469891398626,0.039229389735739,0.0735391109352313,-0.466078902139839,-0.333030081089877,1.51122625499285,1.50240411381525,TRUE,"MomentumPullback",8,1.22,5,6,0.336831645631476,1.521,1.455,NA,TRUE,65.5970260456275,49.2905730245724,36.1554845580409,44.7816826411077,-1.27203881197484,14.0042598509047,110.500000000003,0.000754358998922242,1.5183092,1.52200883333333,1.52008797449624,1.51498502550376,FALSE,TRUE,1.62303160536965,1.23536264058035,5.84564552476588,4.67730928218661,0.00188898001831762,0.0819135025981407,FALSE,FALSE,45.4286104376342,58.6605668899917,0,40.1839356687309,8.59354302857593,7.02000119957803,8.62348656575315,1.04196507684826,-3.33343956149017,0,-3.33343956149017,1.04196507684826,8.62348656575316,7.02000119957804,31.3809849881148,FALSE,1.516802,1.5175365,"high",FALSE,2.01355248277043,FALSE,"2026-09-26 21:36:00",1.62303160536965,1.23536264058035,1.51,1.52,"","","","","",33,"D","NONE",83,"A","TREND_CONFIRMED",75,"AVOID"
"UNI/USD","Crypto","Crypto","","Crypto","","No",9.8234125,NA,NA,NA,9.82235,9.82615,9.82235,9.65,9.817,9.818,9.826,-0.03,"-","-","Mixed trend","Mixed trend","Hold","-","Neutral",9.78175,9.85251,0.31,"Good","Low reward High risk zone"," + Breakout Signal + ","Very Strong",9.76,"8.93-9.77"," + Breakout Signal + ",NA,"9.7-9.95","Neutral","Higher","8.06-15.88","3.1-5.39","False",6.96,NA,"medium","normal",FALSE,0.0467214763477251,0.425920719707611,-0.385719138666218,1.68700908033175,1.42217906566043,9.76680644150278,9.68103117931504,TRUE,"Breakout",7,5.94,1,6,0.717897497318365,9.649,8.361,NA,FALSE,74.4375279855821,51.6822436860497,69.952555861647,76.5151515151513,4.10222501997307,13.3287419651052,89.7529477821436,0.0046292431926684,9.83036805,9.74452477083333,9.84744771677396,9.77725703322604,FALSE,FALSE,11.1856420028832,4.89750499711682,5.89422070774575,6.15393122007428,0.0150072062091208,0.718144081207431,FALSE,FALSE,73.1254713264776,71.3993152974413,1.4210854715202e-14,121.909439927733,109.877505686855,45.5234380090873,10.8364493624125,6.38391165484762,2.05752982171883,0,2.05752982171883,6.38391165484762,10.8364493624125,45.5234380090873,128.394703210476,FALSE,9.8174335,9.812352375,"high",FALSE,4.07001388420176,FALSE,"2026-09-26 21:37:00",11.1856420028832,4.89750499711682,9.82,9.83,"","","","","",42,"C","NONE",73,"A","TREND_CONFIRMED",58,"AVOID"
"RENDER/USD","Crypto","Crypto","","Crypto","","No",2.00425,NA,NA,NA,2.004525,2.004525,2.004525,2,2.004,2.002,2.005,-0.04,"-","-","Mixed trend","Mixed trend","Hold","-","Neutral",1.99264,2.008,0.18,"Moderate","Low reward High risk zone"," + Breakout Signal + ","Very Strong",1.99,"1.85-1.99"," + Breakout Signal + ",NA,"1.98-2.03","Neutral","Neutral","1.28-2.73","0.91-1.4","False",5.18,NA,"medium","normal",FALSE,-0.0169610743344029,0.253603977630824,0.262631315657817,0.368070509289397,0.755825790575675,1.98982425459365,1.97697041612938,TRUE,"Breakout",7,1.29,4,3,0.684249863244958,1.951,1.72,NA,TRUE,56.233185869072,53.7736540528693,74.283854166667,75.5859374999991,-3.30187905890165,6.83593749999849,69.9999999999822,0.000942731402385303,1.9999269,1.99628470833333,2.00851467990172,1.99486482009828,FALSE,FALSE,2.14099756508914,1.12050443491086,6.2466294719255,7.9657975459213,0.00283215118168491,0.119321219833203,FALSE,FALSE,84.6540070664968,73.3511792402896,0,41.6680507016174,37.4845679012346,33.2003229461192,29.5615838051656,15.6298851502968,2.90486359949486,0,2.90486359949487,15.6298851502968,29.5615838051656,33.2003229461192,91.0744391885831,FALSE,2.004434,2.00168975,"high",FALSE,11.3280256755134,FALSE,"2026-09-26 21:37:00",2.14099756508914,1.12050443491086,2,2,"","","","","",40,"C","NONE",70,"A","TREND_CONFIRMED",83,"PASS"
"ETH/USD","Crypto","Crypto","","Crypto","","No",2692.0275,NA,NA,NA,2691.05,2691.05,2691.05,2687.74,2692.542,2692.807,2691.05,0.04,"-","-","Mixed trend","Mixed trend","Hold","-","Neutral",2689.3945,2694.7015,0.46,"Good","Low reward High risk zone"," + ","Very Strong",2687.46,"2635.58-2688.43"," + ",NA,"2679.15-2698.9","Neutral","Neutral","1756.64-3626.48","1639.11-2284.86","False",4.85,NA,"low","quiet",FALSE,-0.0552252354265776,-0.0645193503295028,-0.0788559813997262,0.302824248295376,0.13400039056323,2688.42621512722,2683.95136799585,TRUE,"Squeeze",5,2293.11,5,1,0.215696079354822,2690.236,2605.548,NA,TRUE,16.1324567259695,47.0841296901951,22.9458677166012,26.7698206216493,-16.7992396135726,23.8303732377646,64.6922567835559,0.751905994573947,2691.97184,2685.92715416667,2695.51002281176,2689.70842718824,FALSE,FALSE,2831.02177098154,2344.45597901846,3.14030313609444,5.68467785556455,0.969232853473023,82.8656098517923,FALSE,FALSE,52.0190775653459,63.406875352814,0,40.389912564429,9.49175368678455,8.31236690122507,3.01054297720202,0.217618272561176,0.0111493078138133,0,0.011149307813807,0.217618272561171,3.01054297720202,8.31236690122508,20.7538890180739,FALSE,2692.69,2692.609225,"medium",FALSE,0.642520083704923,FALSE,"2026-09-26 21:33:00",2831.02177098154,2344.45597901846,2691.05,2691.05,"","","","","",21,"D","NONE",83,"A","TREND_CONFIRMED",95,"PASS"
"BTC/USD","Crypto","Crypto","","Crypto","","No",84303.46,NA,NA,NA,84298.66,84298.66,84298.66,84126.42,84303.786,84317.136,84298.66,0.01,"-","-","Mixed trend","Mixed trend","Hold","-","Neutral",84290.4,84375.2,0.47,"Good","Low reward High risk zone"," + Breakdown Signal: below lower bollinger band limit + ","Very Strong",84240.6,"83373.5-84273.25"," + Breakdown Signal: below lower bollinger band limit + ",NA,"84100.92-84506","Neutral","Neutral","64061.07-104536.25","60936.4-73095.7","False",3.51,NA,"low","quiet",FALSE,-0.0170545165767886,-0.0245119636841185,0.0510797358949886,0.0673480213707862,-0.127459615773049,84273.249298177,84191.3872866787,FALSE,"",4,73578.15,4,-1,0.0962680097859641,84227.578,81658.706,NA,TRUE,48.4882222465309,43.6863282886148,19.2170913311958,20.4381846635531,1.78337585367937,-1.59965652752024,74.6343214382284,5.64395134145208,84318.43476,84334.6473333333,84365.8581857503,84284.7189642497,FALSE,FALSE,88367.6972122311,73062.1813877689,4.42914158416899,5.93809163859598,17.1533591619337,2040.38863473571,FALSE,FALSE,55.2216721363413,64.5143951607877,0,30.2338955291422,7.75121931454053,7.45707757661344,4.23645382936413,-0.0991167614221291,0.253503874032983,0,0.253503874032979,-0.0991167614221244,4.23645382936413,7.45707757661345,20.9486160059059,FALSE,84299.0029,84325.288575,"high",FALSE,1.35801572010138,FALSE,"2026-09-26 21:38:00",88367.6972122311,73062.1813877689,84298.66,84298.66,"","","","","",18,"D","NONE",51,"C","NONE",80,"PASS"
"AVAX/USD","Crypto","Crypto","","Crypto","","No",10.7739,NA,NA,NA,10.79395,10.79395,10.77625,10.85,10.771,10.769,10.776,-0.02,"-","-","Mixed trend","Mixed trend","Hold","-","Neutral",10.73425,10.80755,0.39,"Moderate","Low reward High risk zone"," + ","Very Strong",10.72,"10.04-10.79"," + ",NA,"10.63-10.92","Neutral","Neutral","4.94-19.84","5.4-8.04","False",5.46,NA,"medium","normal",TRUE,0.369378391596991,0.171075263818509,0.315642458100551,-1.2001189790866,-0.84029746346133,10.7204556267195,10.6554217749194,FALSE,"",7,7.24,2,-1,0.736057663515105,10.685,9.555,NA,TRUE,55.1787363503128,49.9305096750717,84.9455658233864,66.4154103852582,17.5059569396681,-24.6156038645325,12.6361655773359,0.0113994517392776,10.793025,10.8313063478,10.8044805591026,10.7255344408974,FALSE,FALSE,12.5069555636755,5.78560693632453,5.8444684935794,6.2661087730161,0.0138453267146895,0.630418004334098,FALSE,FALSE,62.6161810110648,69.3758907899613,0,67.5897939934387,46.8454043741909,34.5929270409852,31.3886812788884,4.96006623161585,1.24248402856068,0,1.24248402856069,4.96006623161585,31.3886812788884,34.5929270409852,116.17361326694,FALSE,10.77235,10.7650075,"high",FALSE,2.24170567471181,FALSE,"2026-09-26 21:38:00",12.5069555636755,5.78560693632453,10.78,10.79,"","","","","",33,"D","NONE",83,"A","TREND_CONFIRMED",80,"PASS"
"DOGE/USD","Crypto","Crypto","","Crypto","","No",0.0961657,NA,NA,NA,0.0961285,0.09617,0.0961285,0.1,0.096,0.096,0.096,0.17,"-","-","Mixed trend","Mixed trend","Hold","-","Neutral",0.0959694,0.09640115,0.75,"Good","Moderate reward to risk ratio zone"," + Breakout Signal + ","Very Strong",0.1,"0.09-0.1"," + Breakout Signal + ",NA,"0.1-0.1","Neutral","Neutral","0.04-0.13","0.05-0.09","False",4.88,NA,"medium","normal",FALSE,0.080290523688839,0.115819725166306,-0.0455256497539189,-0.587487336407048,-0.362945003937169,0.0958959313607831,0.0952340586135487,TRUE,"MomentumPullback",7,0.07,1,7,0.504952816214464,0.096,0.091,NA,TRUE,69.6611939324456,50.7963587171654,63.4236887470185,88.7432188065127,11.0942295425674,47.7848101265814,80.9341500765732,4.51928644834822e-05,0.096264755,0.0964309008333333,0.0963743249434723,0.0958901250565277,FALSE,FALSE,0.103295360175811,0.0752927498241887,8.42229778900056,5.58106895376041,7.36189151785468e-05,0.00508073766933976,FALSE,FALSE,50.4414585444686,59.5256663383094,0,36.3330285438861,12.7723445671803,6.81573702247662,10.0012867988733,3.78020222948839,-2.86103886265497,0,-2.86103886265497,3.78020222948838,10.0012867988734,6.81573702247662,37.1916425114101,FALSE,0.09611055,0.096132225,"high",FALSE,2.55270385343029,FALSE,"2026-09-26 21:37:00",0.103295360175811,0.0752927498241887,0.1,0.1,"","","","","",41,"C","EARLY_REVERSAL",83,"A","TREND_CONFIRMED",75,"PASS"
"CRV/USD","Crypto","Crypto","","Crypto","","No",0.346515,NA,NA,NA,0.3466,0.347001,0.3466,0.35,0.346,0.347,0.347,-0.14,"-","-","Mixed trend","Mixed trend","Hold","-","Neutral",0.345889,0.347001,1.51,"Good","Good reward to risk ratio zone"," + Breakout Signal + ","Very Strong",0.35,"0.33-0.35"," + Breakout Signal + ",NA,"0.34-0.35","Neutral","Neutral","0.16-0.54","0.19-0.28","False",6.5,NA,"low","normal",FALSE,0.0427292438367503,-0.0305809515291904,-0.240391535914776,-0.236083320137616,0.373669346078648,0.345537053366045,0.343338417134361,TRUE,"MomentumPullback",7,0.27,1,5,0.297988457290852,0.348,0.344,NA,TRUE,74.7956994082349,47.4434873545931,40.8227634924813,51.4485514485542,0.0780377669145823,11.6305764769946,48.2978723404268,0.000110913029007041,0.34710483,0.347002433333333,0.346861993910414,0.345831456089586,FALSE,FALSE,0.369636180532217,0.316627819467783,5.50230472200234,5.54577445276576,0.000352583597237674,0.0240363579150143,FALSE,FALSE,47.4436567612856,52.748793409706,0,63.7967698614812,14.0201686967894,-4.41981341258845,0.797078926499686,6.71125769771894,-2.18435517970402,0,-2.18435517970402,6.71125769771894,0.797078926499695,-4.41981341258846,16.7415362154645,FALSE,0.3463353,0.346346725,"low",FALSE,-4.41644490920568,FALSE,"2026-09-26 21:40:00",0.369636180532217,0.316627819467783,0.35,0.35,"","","","","",24,"D","EARLY_REVERSAL",45,"C","NONE",75,"PASS"
"YFI/USD","Crypto","Crypto","","Crypto","","No",2458.36666666667,NA,NA,NA,2467.635,2467.635,2467.635,2478.12,2466.639,2470.539,2467.635,-0.38,"-","-","Mixed trend","Mixed trend","Hold","-","Neutral",2467.635,2480.75,0.79,"Moderate","Moderate reward to risk ratio zone"," + Breakdown Signal: below lower bollinger band limit + ","Very Strong",2462.96,"2342.46-2470.87"," + Breakdown Signal: below lower bollinger band limit + ",NA,"2434.07-2486.52","Neutral","Neutral","1265.1-3220.07","1508.61-2459.01","False",4.76,NA,"medium","normal",FALSE,-0.539661109842303,-0.427649010534277,-0.709202671377624,-0.676528444610806,-0.502405448212039,2465.21644949548,2451.43630928061,FALSE,"",2,1939.87,7,-1,0.722719082587784,2442.151,2316.518,NA,FALSE,9.72449839176107,31.1877819427888,-31.5762996968176,-127.830264579462,-27.3093476495157,-155.856552474313,-318.499427262333,6.3388994915837,2474.04641333333,2476.51384722222,2480.4940190291,2462.69564763757,FALSE,FALSE,2544.45242483599,1973.59217516401,0,5.98374192337908,2.40946653048909,111.917462176123,FALSE,FALSE,75.6450105627194,64.6226380523498,0,18.6574054038459,9.07925129976235,9.65634005603611,10.6711665246446,6.91474151227883,-0.301201168442357,0,-0.301201168442355,6.91474151227882,10.6711665246446,9.65634005603611,28.9249347892526,FALSE,2468.95733333333,2471.59483333333,"medium",FALSE,5.00377660302085,FALSE,"2026-09-26 21:36:00",2544.45242483599,1973.59217516401,2467.64,2467.64,"","","","","",9,"D","NONE",83,"A","TREND_CONFIRMED",83,"PASS"
"USDC/USD","Crypto","Crypto","","Crypto","","No",0.99967,NA,NA,NA,0.9995,0.999755,0.9995,1,1,1,1,-0.03,"-","-","Downtrend","Mixed trend","Hold","-","Neutral",0.9995,1.00001,2.13,"Good","Good reward to risk ratio zone"," + Breakdown Signal: below lower bollinger band limit + ","Weak",1,"1-1"," + Breakdown Signal: below lower bollinger band limit + ","Breakdown Signal: below lower bollinger band limit","1-1","Neutral","Neutral","1-1","1-1","False",0.01,NA,"high","normal",FALSE,-0.00800200050012193,-0.00800200050012193,-0.0085020830103266,-0.0085020830103266,NA,0.999269162901345,0.99961055499619,FALSE,"",5,1,10,-1,0.00726484198998474,1,1,NA,FALSE,1.71304224216819,4.44522952237132,44.4444444444299,33.3333333333333,-1.85185185185427,-16.6666666666449,33.3333333333333,3.75166629645154e-05,0.9997515,NA,0.999783063691777,0.999710436308222,FALSE,TRUE,0.999775408985379,0.999726591464621,0,3.84258453920585,0.000230876360592696,0.000595858756181714,FALSE,FALSE,60.015387000345,49.817734142319,0,5.00122460600791e-08,0,0,0,0,0.000500125031249986,0,0.000500125031255294,0,0,0,0.00488308715353164,FALSE,0.999737,0.99974675,"medium",TRUE,0,FALSE,"2026-09-26 20:18:00",0.999775408985379,0.999726591464621,1,1,"","","","","",9,"D","NONE",21,"D","NONE",78,"PASS"
