"Symbol","MarketCap","Fundamental Strength Index","Price","Last 5min Average","Last 20min Average","Previous Day Close","% Change","Health Rating","Micro Trend Rating","Macro Trend Rating","Support","Resistance","Buy Signal Range","Volume Surge","EPS","UpdateTime"
"WBD","Large",NA,30.985,30.982,30.979,30.94,0.15,"Moderate","Uptrend","Uptrend",30.95,30.99,"30.49-30.96","True",-1.28,"2026-10-05 17:17:00"
"PTC","Large","Good",192.4747,192.359,192.395,144.03,33.64,"Good","Mixed trend","Uptrend",191.92,192.61,"184.2-192.71","True",10.31,"2026-10-05 17:05:00"
"MDT","Large","Good",88.29,88.112,88.054,86.38,2.21,"Very Weak","Mixed trend","Mixed trend",87.72,88.45,"80.26-87.75","True",4.07,"2026-10-05 17:10:00"
"ABBV","ETF",NA,265,265.221,265.572,262.82,0.83,"-","Mixed trend","Mixed trend",261.3,266.21,"228.75-263.27","True",NA,"2026-10-05 16:34:00"
"CTVA","Mid","Moderate",12.46,12.453,12.465,11.92,4.53,"Moderate","Mixed trend","Downtrend",12.39,12.51,"10.56-12.36","True",1.62,"2026-10-05 17:10:00"
"SPY","ETF",NA,774.94,774.915,774.859,769.64,0.69,"-","Uptrend","Uptrend",774.6,774.95,"768.18-774.56","False",NA,"2026-10-05 17:12:00"
"MSFT","Large","Good",525,525,525,517.53,1.44,"Good","Mixed trend","Uptrend",524.76,525.18,"518.84-525","False",17.95,"2026-10-05 17:02:00"
"NVDA","Large","Good",239.5243,239.549,239.513,233.95,2.38,"Good","Mixed trend","Uptrend",239.47,239.6,"234.99-239.41","False",7.91,"2026-10-05 17:03:00"
"TRGP","Large","Good",287.4,287.319,287.007,281.74,2.01,"-","Mixed trend","Uptrend",286,287.565,"272.63-286.37","False",10.46,"2026-10-05 16:17:00"
"GEV","Large","Good",990.93,990.293,989.725,988.7,0.23,"Very Weak","Mixed trend","Uptrend",987.24,994.1475,"915.05-991.41","False",34.88,"2026-10-05 16:50:00"
"AMAT","Large","Good",542.9,542.846,542.76,540.04,0.53,"Moderate","Mixed trend","Uptrend",541.92,543.99,"520.44-541.53","False",11.59,"2026-10-05 17:02:00"
"CSCO","Large","Good",112.6387,112.675,112.692,112.2,0.39,"Moderate","Mixed trend","Uptrend",112.2031,112.85,"106.73-112.22","False",3.33,"2026-10-05 16:51:00"
"TT","Large","Good",470.29,470.665,471.103,463.91,1.38,"-","Mixed trend","Uptrend",470.29,472.31,"451.1-469.91","False",13.42,"2026-10-05 16:03:00"
"TSLA","Large","Moderate",379.3,379.329,379.315,370.59,2.35,"Moderate","Mixed trend","Uptrend",379.3,379.4,"368.04-379.22","False",1.08,"2026-10-05 17:11:00"
"QQQ","ETF",NA,756.2758,756.357,756.275,749.58,0.89,"-","Mixed trend","Uptrend",756.14,756.49,"747.5-756.04","False",NA,"2026-10-05 17:12:00"
"AVGO","Large","Good",362.5183,362.515,362.508,355.14,2.08,"Moderate","Mixed trend","Uptrend",362.45,362.53,"354.55-362.41","False",7.83,"2026-10-05 17:12:00"
"MRNA","Large",NA,203.3896,203.248,203.061,190.01,7.04,"Moderate","Mixed trend","Uptrend",202.56,203.5,"194.2-202.66","False",-7.98,"2026-10-05 17:15:00"
"LIN","Large","Good",482.46,482.297,482.246,479.48,0.62,"Very Weak","Mixed trend","Uptrend",480.865,483,"460.35-483.75","False",15.49,"2026-10-05 16:14:00"
"IEX","Large","Good",235.29,235.469,236.142,232.99,0.99,"-","Downtrend","Uptrend",235.086,237.31,"222.59-237.47","False",6.95,"2026-10-05 16:00:00"
"EMR","Large","Good",162.33,162.388,162.654,161.61,0.45,"-","Downtrend","Uptrend",162.22,163.26,"155.61-163.07","False",4.57,"2026-10-05 16:03:00"
"TMO","Large","Good",677,676.427,675.056,654.8,3.39,"-","Uptrend","Mixed trend",672.79,677,"639.7-672.15","False",18.58,"2026-10-05 16:34:00"
"A","Large","Good",171.29,171.217,171.08,167.78,2.09,"-","Uptrend","Mixed trend",170.6,171.3642,"163.62-170.46","False",5.07,"2026-10-05 16:43:00"
"CRM","Large","Good",229.79,229.706,229.591,234.69,-2.09,"Very Weak","Uptrend","Mixed trend",229.07,229.85,"216.72-229.28","False",10.93,"2026-10-05 16:55:00"
"NFLX","Large","Good",67.4982,67.489,67.486,67.06,0.65,"Weak","Uptrend","Mixed trend",67.4615,67.5,"66.63-67.45","False",3.18,"2026-10-05 17:13:00"
"AEP","Large","Moderate",121.3913,120.304,120.038,119.57,1.52,"Very Weak","Uptrend","Mixed trend",119.535,121.3913,"109.14-120.09","False",5.77,"2026-10-05 16:10:00"
"AFL","Large","Good",112.38,112.317,112.168,111.54,0.75,"-","Uptrend","Mixed trend",111.84,112.47,"107.74-112.14","False",9.3,"2026-10-05 16:00:00"
"AES","Large","Good",14.92,14.91,14.906,14.91,0.07,"-","Uptrend","Mixed trend",14.9,14.92,"14.42-14.9","False",2.67,"2026-10-05 16:30:00"
"VTRS","Large",NA,17.77,17.666,17.636,17.6,0.97,"Very Weak","Uptrend","Mixed trend",17.555,17.77,"16.28-17.7","False",-0.36,"2026-10-05 16:44:00"
"CVS","Large","Moderate",87.1706,87.038,86.927,86.46,0.82,"-","Uptrend","Mixed trend",86.66,87.1706,"81.87-86.72","False",3.8,"2026-10-05 16:49:00"
"WYNN","ETF",NA,77.9603,77.59,77.247,75.88,2.74,"-","Uptrend","Mixed trend",76.79,77.9603,"70.42-77.48","False",NA,"2026-10-05 16:24:00"
"JPM","Large","Good",332.8583,332.739,332.647,332.38,0.14,"Weak","Uptrend","Mixed trend",332.38,332.8583,"325.72-332.5","False",23.34,"2026-10-05 17:16:00"
"PG","Large","Good",146.2897,146.07,145.948,144.91,0.95,"-","Uptrend","Mixed trend",145.5,146.2897,"138.99-145.4","False",6.62,"2026-10-05 17:11:00"
"WFC","Large","Good",81.59,81.554,81.507,80.45,1.42,"Very Weak","Uptrend","Mixed trend",81.3285,81.66,"78.08-81.57","False",6.88,"2026-10-05 17:02:00"
"MCD","ETF",NA,233.25,233.157,233.099,231.89,0.59,"-","Uptrend","Mixed trend",233.04,233.25,"228.64-232.97","False",NA,"2026-10-05 17:18:00"
"T","Large","Good",24.23,24.22,24.204,24.3,-0.29,"Very Weak","Uptrend","Mixed trend",24.04,24.26,"23.04-24.07","False",3.03,"2026-10-05 17:19:00"
"NOW","Large","Moderate",136.182,136.092,136.054,134.38,1.34,"Weak","Uptrend","Mixed trend",135.83,136.2,"130.38-135.72","False",1.6,"2026-10-05 17:11:00"
"DAL","Large","Good",83.15,83.148,83.111,84.09,-1.12,"Moderate","Mixed trend","Mixed trend",82.93,83.25,"78.69-83.63","False",6.03,"2026-10-05 16:59:00"
"DVN","Large","Good",47.98,47.992,47.916,47.65,0.69,"Very Weak","Mixed trend","Mixed trend",47.735,48.1,"45.27-48.26","False",4.59,"2026-10-05 16:17:00"
"ANET","Large","Good",207.5,207.19,207.254,207.35,0.07,"Very Weak","Mixed trend","Mixed trend",206.75,207.89,"197.4-207.62","False",3.17,"2026-10-05 16:50:00"
"IQV","Large","Good",266.09,266.208,265.719,258.21,3.05,"-","Mixed trend","Mixed trend",264.79,266.91,"247.9-264.47","False",8.05,"2026-10-05 16:00:00"
"MU","Large","Good",1063.5372,1063.594,1063.442,1074.89,-1.06,"Moderate","Mixed trend","Mixed trend",1062.5,1063.8,"1046.11-1064.98","False",74.33,"2026-10-05 17:08:00"
"CVX","Large","Good",206.47,206.44,206.255,206.69,-0.11,"Very Weak","Mixed trend","Mixed trend",205.8,206.635,"200.07-206.18","False",10.39,"2026-10-05 16:17:00"
"LRCX","Large","Good",345.4,345.615,345.48,347.49,-0.6,"Very Weak","Mixed trend","Mixed trend",344.31,346.43,"324.62-344.36","False",5.76,"2026-10-05 17:08:00"
"AME","Large","Good",251.92,252.155,252.738,251.93,0,"-","Mixed trend","Mixed trend",251.82,253.71,"240.83-253.62","False",6.84,"2026-10-05 16:01:00"
"URI","Large","Good",1074.28,1074.548,1075.655,1081.04,-0.63,"-","Mixed trend","Mixed trend",1071.49,1080.635,"1010.11-1079.73","False",41.59,"2026-10-05 16:27:00"
"AMZN","Large","Good",251.59,251.598,251.581,251.52,0.03,"Moderate","Mixed trend","Mixed trend",251.52,251.61,"249.8-251.51","False",12.43,"2026-10-05 17:03:00"
"DXCM","Large","Good",86.9,86.904,86.864,85.36,1.8,"-","Mixed trend","Mixed trend",86.665,86.98,"82.96-86.73","False",2.52,"2026-10-05 16:43:00"
"UAL","Large","Good",110.5,110.354,110.147,112.51,-1.79,"Very Weak","Mixed trend","Mixed trend",109.52,110.6414,"102.53-111.42","False",10.68,"2026-10-05 17:03:00"
"TER","Large","Good",444.53,444.513,444.365,449.04,-1,"Weak","Mixed trend","Mixed trend",442.85,445,"425.97-442.78","False",7.28,"2026-10-05 16:44:00"
"ZBRA","Large","Good",375.7,375.754,376.365,375.86,-0.04,"-","Mixed trend","Mixed trend",375.55,377.975,"361.97-375.28","False",10.91,"2026-10-05 16:43:00"
"AIZ","Large","Good",266.41,266.521,266.942,267.32,-0.34,"-","Mixed trend","Mixed trend",266.135,267.87,"257.49-268.1","False",20.89,"2026-10-05 16:01:00"
"GOOG","Large","Good",343.3,343.342,343.408,340.35,0.87,"Moderate","Mixed trend","Mixed trend",343.21,343.56,"336.96-343.1","False",19.93,"2026-10-05 17:07:00"
"GOOGL","Large","Good",346.23,346.222,346.253,343.5,0.79,"Moderate","Mixed trend","Mixed trend",345.9,346.44,"340.82-345.81","False",19.93,"2026-10-05 17:06:00"
"JBL","Large","Good",300.94,301.164,301.118,304.41,-1.14,"Very Weak","Mixed trend","Mixed trend",300.19,302.4,"276.15-303.17","False",9.75,"2026-10-05 16:43:00"
"MA","Large","Good",564.59,564.615,564.488,552.26,2.23,"Very Weak","Mixed trend","Mixed trend",563.5,565.235,"542.1-563.93","False",18.18,"2026-10-05 16:00:00"
"INTC","Large",NA,116.37,116.369,116.357,119.33,-2.48,"Moderate","Mixed trend","Mixed trend",116.3,116.4,"114.53-116.32","False",-2.12,"2026-10-05 17:11:00"
"AAPL","Large","Good",332.8986,332.898,332.906,333.69,-0.24,"Moderate","Mixed trend","Mixed trend",332.78,332.99,"330.09-332.9","False",8.72,"2026-10-05 17:11:00"
"NKE","Large","Good",33.929,33.927,33.921,33.87,0.17,"Moderate","Mixed trend","Mixed trend",33.89,33.95,"32.88-33.87","False",2.1,"2026-10-05 17:13:00"
"META","Large","Good",742.12,742.18,742.116,728.08,1.93,"Moderate","Mixed trend","Mixed trend",741.6,742.45,"725.56-742.66","False",26.54,"2026-10-05 17:13:00"
"AMD","Large","Moderate",631.9,631.909,631.984,633.91,-0.32,"Moderate","Mixed trend","Mixed trend",631.78,632.24,"623.21-631.63","False",3.92,"2026-10-05 17:13:00"
"WDC","-",NA,440.9411,440.838,440.871,415.29,6.18,"-","Mixed trend","Mixed trend",440.62,441.64,"420.69-440.34","False",NA,"2026-10-05 17:01:00"
"KO","Large","Good",86.47,86.471,86.426,85.65,0.96,"Weak","Mixed trend","Mixed trend",86.11,86.6,"81.91-86.32","False",3.33,"2026-10-05 17:03:00"
"KLAC","Large","Good",207.2513,207.23,207.179,206.89,0.17,"Moderate","Mixed trend","Mixed trend",206.85,207.34,"197.06-206.68","False",3.66,"2026-10-05 17:15:00"
"BKNG","ETF",NA,158.35,158.311,158.316,159.02,-0.42,"-","Mixed trend","Mixed trend",158.18,158.4,"152.98-158.08","False",NA,"2026-10-05 17:16:00"
"PLTR","Large","Moderate",189.39,189.395,189.389,188.75,0.34,"Moderate","Mixed trend","Mixed trend",189.33,189.5,"186.19-189.27","False",1.16,"2026-10-05 17:10:00"
"ABT","Large","Good",100.1,100.126,100.181,97.5,2.67,"-","Mixed trend","Mixed trend",99.94,100.49,"95.27-100.26","False",3.1,"2026-10-05 16:01:00"
"AEE","Large","Good",99.7,99.712,99.725,99.94,-0.24,"-","Mixed trend","Mixed trend",99.54,99.87,"96.12-99.83","False",5.68,"2026-10-05 16:03:00"
"AIG","Large","Good",75.12,75.099,75.062,74.93,0.25,"-","Mixed trend","Mixed trend",74.825,75.195,"71.73-75.13","False",5.46,"2026-10-05 16:43:00"
"BBY","Large","Good",87.39,87.369,87.262,87.97,-0.66,"-","Mixed trend","Mixed trend",86.925,87.45,"82.49-87.1","False",6.01,"2026-10-05 16:43:00"
"LLY","Large","Good",1146,1145.744,1145.465,1142.85,0.28,"Very Weak","Mixed trend","Mixed trend",1143.02,1146.9472,"1080.52-1149.33","False",29.79,"2026-10-05 17:07:00"
"QCOM","Large","Good",181.4,181.392,181.282,184.87,-1.88,"Moderate","Mixed trend","Mixed trend",181.11,181.45,"177.12-181.74","False",8.64,"2026-10-05 17:10:00"
"ORCL","Large","Good",142.6,142.608,142.695,142.3,0.21,"Weak","Mixed trend","Mixed trend",142.54,142.97,"138.01-143.3","False",6.38,"2026-10-05 17:11:00"
"ALL","Large","Good",224.71,224.742,224.859,223.74,0.43,"-","Mixed trend","Mixed trend",224.47,225.31,"217.03-224.32","False",49.98,"2026-10-05 16:01:00"
"DIA","ETF",NA,512.24,512.221,512.189,511.1,0.22,"-","Mixed trend","Mixed trend",511.72,512.3,"507.86-511.64","False",NA,"2026-10-05 16:57:00"
"VIXY","ETF",NA,16.55,16.53,16.545,16.72,-1.02,"-","Mixed trend","Mixed trend",16.2,16.59,"14.5-16.44","False",NA,"2026-10-05 16:04:00"
"V","Large","Good",369.94,369.705,369.571,360.66,2.57,"Very Weak","Mixed trend","Mixed trend",368.88,370,"352.49-368.55","False",11.75,"2026-10-05 16:56:00"
"XOM","Large","Good",164,164.026,163.934,164.01,-0.01,"Moderate","Mixed trend","Mixed trend",163.5,164.2928,"157.02-163.74","False",7.77,"2026-10-05 16:43:00"
"COST","Large","Good",922.5,922.734,922.563,920.65,0.2,"Very Weak","Mixed trend","Mixed trend",920.46,924,"891.36-922.9","False",20.76,"2026-10-05 17:06:00"
"UNH","Large","Good",378,377.803,377.707,371.9,1.64,"Moderate","Mixed trend","Mixed trend",375.4,378.7,"329.61-374.48","False",15.55,"2026-10-05 17:04:00"
"WMT","Large","Good",104.9887,104.994,104.986,104.26,0.7,"Weak","Mixed trend","Mixed trend",104.8483,105.07,"101.12-104.78","False",2.76,"2026-10-05 17:14:00"
"HD","Large","Good",281.4,281.38,281.342,282.85,-0.51,"Weak","Mixed trend","Mixed trend",280.985,281.46,"273.82-281.37","False",14.29,"2026-10-05 17:13:00"
"BAC","Large","Good",54.04,54.075,54.066,53.75,0.54,"Weak","Mixed trend","Mixed trend",54,54.1459,"51.63-54.08","False",4.33,"2026-10-05 17:18:00"
"IBM","Large","Good",221.54,221.457,221.302,222.64,-0.49,"Very Weak","Mixed trend","Mixed trend",220.68,221.59,"212.72-221.17","False",11.25,"2026-10-05 17:02:00"
"GE","Large","Good",306.46,306.522,306.37,309.09,-0.85,"Very Weak","Mixed trend","Mixed trend",305.51,306.69,"296.65-307.2","False",8.48,"2026-10-05 17:19:00"
"MRK","Large","Moderate",139.76,139.72,139.679,144.3,-3.15,"Very Weak","Mixed trend","Mixed trend",139.43,139.9677,"132.35-139.81","False",1.26,"2026-10-05 17:16:00"
"ADP","Large","Good",260.26,260.187,260.052,257.68,1,"-","Mixed trend","Mixed trend",259.5175,260.78,"249.55-259.32","False",10.94,"2026-10-05 16:00:00"
"EQIX","Large","Moderate",1023.44,1023.94,1023.835,1025.72,-0.22,"-","Mixed trend","Mixed trend",1022.405,1025.74,"973.93-1021.51","False",15.54,"2026-10-05 16:00:00"
"ITW","Large","Good",261.3085,263.312,264.27,262.92,-0.61,"-","Mixed trend","Mixed trend",261.3085,265.12,"242.65-265.15","False",11.03,"2026-10-05 17:16:00"
"VMC","Large","Good",245.57,245.612,245.59,243.06,1.03,"-","Mixed trend","Mixed trend",245.245,245.93,"235.85-245.06","False",8.48,"2026-10-05 16:43:00"
"PM","ETF",NA,189.53,189.694,189.624,187.46,1.1,"-","Downtrend","Mixed trend",189.075,190.36,"178.6-188.92","False",NA,"2026-10-05 16:00:00"
"PEP","Large","Good",125.8,125.767,125.638,125.89,-0.07,"Very Weak","Mixed trend","Downtrend",125.4,125.8417,"121.82-125.33","False",7.63,"2026-10-05 17:09:00"
"JNJ","Large","Good",253.2,253.062,253.092,256.03,-1.11,"Very Weak","Mixed trend","Downtrend",252.51,253.75,"242.59-253.62","False",8.63,"2026-10-05 17:02:00"
